user_id,username,create_time,update_time
047e5a6634574806855c664716702823,用户0,2021-11-04 23:17:01,2021-11-04 23:17:01
475ff55d355045e0886893e31d314fda,用户1,2021-12-13 23:12:43,2021-12-13 23:12:43
7bbcd4290a144efbae687a5b74790f17,用户2,2021-08-04 10:35:39,2021-08-04 10:35:39
84f496f59c2c4d31a196c3b1bd994a16,用户3,2021-12-28 19:44:54,2021-12-28 19:44:54
9880b57d988b4672bcad2a3ffe32a3ec,用户4,2021-08-26 02:10:27,2021-08-26 02:10:27
a1d3bf10ae564a9a92fca63502b41c0c,用户5,2021-07-22 18:18:32,2021-07-22 18:18:32
a345c04ab8a24cefa1d0b88c94e78390,用户6,2022-01-11 06:16:50,2022-01-11 06:16:50
b952899406e94a7c9b690cc7bbf08ee5,用户7,2021-09-11 20:34:33,2021-09-11 20:34:33
d59c28ee1dd34c05a59a3e21a112215c,用户8,2021-11-23 15:17:58,2021-11-23 15:17:58
fec476701bdc4cf0993971d1d0e1afbb,用户9,2021-12-03 02:18:58,2021-12-03 02:18:58
