product_id,departure,create_time,update_time
3349bbbd0530439ab90afef451d28360,南京,2021-08-25 01:44:34,2021-08-25 01:44:34
3349bbbd0530439ab90afef451d28360,长沙,2021-08-25 01:44:34,2021-08-25 01:44:34
3349bbbd0530439ab90afef451d28360,抚州,2021-08-25 01:44:34,2021-08-25 01:44:34
ee5d5dea8ef94edfb214b26b57e0223f,聊城,2021-07-18 23:49:47,2021-07-18 23:49:47
ee5d5dea8ef94edfb214b26b57e0223f,常德,2021-07-18 23:49:47,2021-07-18 23:49:47
ee5d5dea8ef94edfb214b26b57e0223f,柳州,2021-07-18 23:49:47,2021-07-18 23:49:47
5063c281c238441f8d306a0edf18b260,儋州,2021-12-17 09:44:11,2021-12-17 09:44:11
5063c281c238441f8d306a0edf18b260,萍乡,2021-12-17 09:44:11,2021-12-17 09:44:11
5063c281c238441f8d306a0edf18b260,荆州,2021-12-17 09:44:11,2021-12-17 09:44:11
21d935dd0325458aa1f07659db526c10,宁波,2022-01-18 20:10:21,2022-01-18 20:10:21
21d935dd0325458aa1f07659db526c10,盘锦,2022-01-18 20:10:21,2022-01-18 20:10:21
21d935dd0325458aa1f07659db526c10,安阳,2022-01-18 20:10:21,2022-01-18 20:10:21
70997cfec67748149d75cbfad8d1bb51,上饶,2021-12-23 09:21:14,2021-12-23 09:21:14
70997cfec67748149d75cbfad8d1bb51,雅安,2021-12-23 09:21:14,2021-12-23 09:21:14
70997cfec67748149d75cbfad8d1bb51,内江,2021-12-23 09:21:14,2021-12-23 09:21:14
f15b1dff7022450d816d16baaaa90a17,呼和浩特,2021-12-02 19:52:00,2021-12-02 19:52:00
f15b1dff7022450d816d16baaaa90a17,包头,2021-12-02 19:52:00,2021-12-02 19:52:00
f15b1dff7022450d816d16baaaa90a17,十堰,2021-12-02 19:52:00,2021-12-02 19:52:00
4e8e0f6d81674c6e8646193b5f0bdedd,鸡西,2021-07-23 10:48:09,2021-07-23 10:48:09
4e8e0f6d81674c6e8646193b5f0bdedd,哈密,2021-07-23 10:48:09,2021-07-23 10:48:09
4e8e0f6d81674c6e8646193b5f0bdedd,三门峡,2021-07-23 10:48:09,2021-07-23 10:48:09
26770b3a91f7463b8eb23b6338b99820,林芝,2021-09-22 16:56:26,2021-09-22 16:56:26
26770b3a91f7463b8eb23b6338b99820,保山,2021-09-22 16:56:26,2021-09-22 16:56:26
26770b3a91f7463b8eb23b6338b99820,平凉,2021-09-22 16:56:26,2021-09-22 16:56:26
cb55e69df0c4477bb0840c7b7fbe9a00,菏泽,2022-01-13 00:25:40,2022-01-13 00:25:40
cb55e69df0c4477bb0840c7b7fbe9a00,齐齐哈尔,2022-01-13 00:25:40,2022-01-13 00:25:40
cb55e69df0c4477bb0840c7b7fbe9a00,赣州,2022-01-13 00:25:40,2022-01-13 00:25:40
25564078591147139d2d76973996438f,达州,2022-01-14 21:22:58,2022-01-14 21:22:58
25564078591147139d2d76973996438f,陇南,2022-01-14 21:22:58,2022-01-14 21:22:58
25564078591147139d2d76973996438f,邵阳,2022-01-14 21:22:58,2022-01-14 21:22:58
564c982f5bad4b6d81c4a02b0ed64c26,辽阳,2022-01-28 19:12:18,2022-01-28 19:12:18
564c982f5bad4b6d81c4a02b0ed64c26,昆明,2022-01-28 19:12:18,2022-01-28 19:12:18
564c982f5bad4b6d81c4a02b0ed64c26,阜新,2022-01-28 19:12:18,2022-01-28 19:12:18
3331fb60cf894f83afb44d15fba8e1e5,邢台,2021-09-11 10:22:35,2021-09-11 10:22:35
3331fb60cf894f83afb44d15fba8e1e5,汉中,2021-09-11 10:22:35,2021-09-11 10:22:35
3331fb60cf894f83afb44d15fba8e1e5,珠海,2021-09-11 10:22:35,2021-09-11 10:22:35
41d5f3b832b04007bd78a7b92b6fbd9b,温州,2021-10-12 02:13:45,2021-10-12 02:13:45
41d5f3b832b04007bd78a7b92b6fbd9b,宝鸡,2021-10-12 02:13:45,2021-10-12 02:13:45
41d5f3b832b04007bd78a7b92b6fbd9b,肇庆,2021-10-12 02:13:45,2021-10-12 02:13:45
fd7ac56797c64ec5bcdc6f1d5294ae00,南昌,2022-01-31 04:26:02,2022-01-31 04:26:02
fd7ac56797c64ec5bcdc6f1d5294ae00,黄山,2022-01-31 04:26:02,2022-01-31 04:26:02
fd7ac56797c64ec5bcdc6f1d5294ae00,忻州,2022-01-31 04:26:02,2022-01-31 04:26:02
2a8091f0ee2f4e80aade20c6c513b6b1,泸州,2021-11-27 17:33:53,2021-11-27 17:33:53
2a8091f0ee2f4e80aade20c6c513b6b1,沈阳,2021-11-27 17:33:53,2021-11-27 17:33:53
2a8091f0ee2f4e80aade20c6c513b6b1,连云港,2021-11-27 17:33:53,2021-11-27 17:33:53
0d3456f6e1f446e19a8cc8952fe8c4fa,阜新,2021-08-09 03:15:13,2021-08-09 03:15:13
0d3456f6e1f446e19a8cc8952fe8c4fa,漳州,2021-08-09 03:15:13,2021-08-09 03:15:13
0d3456f6e1f446e19a8cc8952fe8c4fa,定西,2021-08-09 03:15:13,2021-08-09 03:15:13
98c216c2ceab4bff955a7343bae5bb0c,赣州,2022-02-01 19:27:31,2022-02-01 19:27:31
98c216c2ceab4bff955a7343bae5bb0c,沈阳,2022-02-01 19:27:31,2022-02-01 19:27:31
98c216c2ceab4bff955a7343bae5bb0c,成都,2022-02-01 19:27:31,2022-02-01 19:27:31
82bd1d2e6c42414285b17c268da39f5b,怀化,2021-07-16 06:46:07,2021-07-16 06:46:07
82bd1d2e6c42414285b17c268da39f5b,邵阳,2021-07-16 06:46:07,2021-07-16 06:46:07
82bd1d2e6c42414285b17c268da39f5b,长治,2021-07-16 06:46:07,2021-07-16 06:46:07
982d14ef532f4ea7bc0768fc37e9b483,包头,2021-11-13 12:00:45,2021-11-13 12:00:45
982d14ef532f4ea7bc0768fc37e9b483,嘉峪关,2021-11-13 12:00:45,2021-11-13 12:00:45
982d14ef532f4ea7bc0768fc37e9b483,扬州,2021-11-13 12:00:45,2021-11-13 12:00:45
bbea1b4f51a14fb4b198be2dcc1374d3,临沧,2021-07-28 11:19:47,2021-07-28 11:19:47
bbea1b4f51a14fb4b198be2dcc1374d3,克拉玛依,2021-07-28 11:19:47,2021-07-28 11:19:47
bbea1b4f51a14fb4b198be2dcc1374d3,威海,2021-07-28 11:19:47,2021-07-28 11:19:47
b7a289ba42a34efbb2d8b98a6486346a,本溪,2021-08-28 20:00:49,2021-08-28 20:00:49
b7a289ba42a34efbb2d8b98a6486346a,成都,2021-08-28 20:00:49,2021-08-28 20:00:49
b7a289ba42a34efbb2d8b98a6486346a,大连,2021-08-28 20:00:49,2021-08-28 20:00:49
bf31d58d5420406dac677bf8f9ba764a,淄博,2021-09-03 16:07:45,2021-09-03 16:07:45
bf31d58d5420406dac677bf8f9ba764a,白山,2021-09-03 16:07:45,2021-09-03 16:07:45
bf31d58d5420406dac677bf8f9ba764a,萍乡,2021-09-03 16:07:45,2021-09-03 16:07:45
2b3b15b40a284895868e519fb1622dc9,枣庄,2021-12-01 01:45:27,2021-12-01 01:45:27
2b3b15b40a284895868e519fb1622dc9,大同,2021-12-01 01:45:27,2021-12-01 01:45:27
2b3b15b40a284895868e519fb1622dc9,六安,2021-12-01 01:45:27,2021-12-01 01:45:27
053a10db7ea7439c9fb7b6fc16d8cee3,庆阳,2021-10-17 17:23:45,2021-10-17 17:23:45
053a10db7ea7439c9fb7b6fc16d8cee3,东营,2021-10-17 17:23:45,2021-10-17 17:23:45
053a10db7ea7439c9fb7b6fc16d8cee3,三明,2021-10-17 17:23:45,2021-10-17 17:23:45
1f4f8b7d4b9d40e0b0f075749f104b73,芜湖,2021-07-24 17:42:00,2021-07-24 17:42:00
1f4f8b7d4b9d40e0b0f075749f104b73,菏泽,2021-07-24 17:42:00,2021-07-24 17:42:00
1f4f8b7d4b9d40e0b0f075749f104b73,云浮,2021-07-24 17:42:00,2021-07-24 17:42:00
0d43556bc43543a0884b5f3ac76445cb,四平,2022-01-24 19:30:42,2022-01-24 19:30:42
0d43556bc43543a0884b5f3ac76445cb,渭南,2022-01-24 19:30:42,2022-01-24 19:30:42
0d43556bc43543a0884b5f3ac76445cb,张掖,2022-01-24 19:30:42,2022-01-24 19:30:42
af494597d39548bd990b15fb9a88dac0,朔州,2022-01-11 18:33:14,2022-01-11 18:33:14
af494597d39548bd990b15fb9a88dac0,济宁,2022-01-11 18:33:14,2022-01-11 18:33:14
af494597d39548bd990b15fb9a88dac0,南平,2022-01-11 18:33:14,2022-01-11 18:33:14
921dcb19bf16405c98ee46b187eda89c,萍乡,2021-07-20 02:24:49,2021-07-20 02:24:49
921dcb19bf16405c98ee46b187eda89c,贺州,2021-07-20 02:24:49,2021-07-20 02:24:49
921dcb19bf16405c98ee46b187eda89c,武汉,2021-07-20 02:24:49,2021-07-20 02:24:49
f71fc2671edb44f19f3516ce6da0c86f,桂林,2021-10-07 18:26:19,2021-10-07 18:26:19
f71fc2671edb44f19f3516ce6da0c86f,邵阳,2021-10-07 18:26:19,2021-10-07 18:26:19
f71fc2671edb44f19f3516ce6da0c86f,河池,2021-10-07 18:26:19,2021-10-07 18:26:19
d675fd47b0864c9abc88c61995758aa7,泰州,2021-12-05 07:48:16,2021-12-05 07:48:16
d675fd47b0864c9abc88c61995758aa7,淄博,2021-12-05 07:48:16,2021-12-05 07:48:16
d675fd47b0864c9abc88c61995758aa7,株洲,2021-12-05 07:48:16,2021-12-05 07:48:16
325970f4c48c47c1959a4827d34e5435,淄博,2021-09-19 23:09:33,2021-09-19 23:09:33
325970f4c48c47c1959a4827d34e5435,郑州,2021-09-19 23:09:33,2021-09-19 23:09:33
325970f4c48c47c1959a4827d34e5435,崇左,2021-09-19 23:09:33,2021-09-19 23:09:33
a0ea3e22e6b34d04ac54ee1c8dfccb05,商丘,2021-11-08 18:18:44,2021-11-08 18:18:44
a0ea3e22e6b34d04ac54ee1c8dfccb05,安庆,2021-11-08 18:18:44,2021-11-08 18:18:44
a0ea3e22e6b34d04ac54ee1c8dfccb05,德州,2021-11-08 18:18:44,2021-11-08 18:18:44
8346b127bf4a46caa9b92c3b281a803c,三亚,2021-08-23 12:57:17,2021-08-23 12:57:17
8346b127bf4a46caa9b92c3b281a803c,湖州,2021-08-23 12:57:17,2021-08-23 12:57:17
8346b127bf4a46caa9b92c3b281a803c,牡丹江,2021-08-23 12:57:17,2021-08-23 12:57:17
1f3d0db387bf400d9494804d57e94b43,海口,2022-01-28 04:20:36,2022-01-28 04:20:36
1f3d0db387bf400d9494804d57e94b43,厦门,2022-01-28 04:20:36,2022-01-28 04:20:36
1f3d0db387bf400d9494804d57e94b43,徐州,2022-01-28 04:20:36,2022-01-28 04:20:36
053b2b0e5d404f1b8d803ad183c0001e,济宁,2021-09-20 23:21:47,2021-09-20 23:21:47
053b2b0e5d404f1b8d803ad183c0001e,荆州,2021-09-20 23:21:47,2021-09-20 23:21:47
053b2b0e5d404f1b8d803ad183c0001e,嘉兴,2021-09-20 23:21:47,2021-09-20 23:21:47
46132b2f78274a0cad681c7cfef84db2,平顶山,2021-12-16 10:27:15,2021-12-16 10:27:15
46132b2f78274a0cad681c7cfef84db2,武威,2021-12-16 10:27:15,2021-12-16 10:27:15
46132b2f78274a0cad681c7cfef84db2,惠州,2021-12-16 10:27:15,2021-12-16 10:27:15
4f4ac09c3bfd496cafdc564a18c4b2e1,南宁,2021-11-12 19:53:22,2021-11-12 19:53:22
4f4ac09c3bfd496cafdc564a18c4b2e1,杭州,2021-11-12 19:53:22,2021-11-12 19:53:22
4f4ac09c3bfd496cafdc564a18c4b2e1,萍乡,2021-11-12 19:53:22,2021-11-12 19:53:22
9668d88090914dc1a625fb71fdcccc34,丽水,2021-12-02 17:16:19,2021-12-02 17:16:19
9668d88090914dc1a625fb71fdcccc34,聊城,2021-12-02 17:16:19,2021-12-02 17:16:19
9668d88090914dc1a625fb71fdcccc34,石家庄,2021-12-02 17:16:19,2021-12-02 17:16:19
76f245b55b55410a816e3f930b27b670,天水,2021-11-09 22:14:03,2021-11-09 22:14:03
76f245b55b55410a816e3f930b27b670,陇南,2021-11-09 22:14:03,2021-11-09 22:14:03
76f245b55b55410a816e3f930b27b670,咸阳,2021-11-09 22:14:03,2021-11-09 22:14:03
edd9d990e7aa49039b8425a74d275eee,临汾,2021-09-28 11:29:51,2021-09-28 11:29:51
edd9d990e7aa49039b8425a74d275eee,攀枝花,2021-09-28 11:29:51,2021-09-28 11:29:51
edd9d990e7aa49039b8425a74d275eee,梅州,2021-09-28 11:29:51,2021-09-28 11:29:51
7650f588d7b14da8bf935afc816864f0,南平,2021-10-19 01:17:33,2021-10-19 01:17:33
7650f588d7b14da8bf935afc816864f0,商丘,2021-10-19 01:17:33,2021-10-19 01:17:33
7650f588d7b14da8bf935afc816864f0,平顶山,2021-10-19 01:17:33,2021-10-19 01:17:33
9bf7ec8a6e8746528db9d7d6c3699a57,海口,2022-01-05 06:05:27,2022-01-05 06:05:27
9bf7ec8a6e8746528db9d7d6c3699a57,白城,2022-01-05 06:05:27,2022-01-05 06:05:27
9bf7ec8a6e8746528db9d7d6c3699a57,晋城,2022-01-05 06:05:27,2022-01-05 06:05:27
21f19f1dbba24370b6ee6aacf7e4c725,保定,2021-09-23 17:12:58,2021-09-23 17:12:58
21f19f1dbba24370b6ee6aacf7e4c725,无锡,2021-09-23 17:12:58,2021-09-23 17:12:58
21f19f1dbba24370b6ee6aacf7e4c725,苏州,2021-09-23 17:12:58,2021-09-23 17:12:58
f22c93e9ba5e435fb15be6f0f3dd2f4e,东营,2021-11-16 10:50:48,2021-11-16 10:50:48
f22c93e9ba5e435fb15be6f0f3dd2f4e,合肥,2021-11-16 10:50:48,2021-11-16 10:50:48
f22c93e9ba5e435fb15be6f0f3dd2f4e,十堰,2021-11-16 10:50:48,2021-11-16 10:50:48
bafd81b112a44cfda517618a90eeeaea,九江,2021-11-28 23:57:33,2021-11-28 23:57:33
bafd81b112a44cfda517618a90eeeaea,衢州,2021-11-28 23:57:33,2021-11-28 23:57:33
bafd81b112a44cfda517618a90eeeaea,鄂州,2021-11-28 23:57:33,2021-11-28 23:57:33
87781ee1914b4d62949d95d87a7e4b14,龙岩,2022-01-10 07:17:37,2022-01-10 07:17:37
87781ee1914b4d62949d95d87a7e4b14,柳州,2022-01-10 07:17:37,2022-01-10 07:17:37
87781ee1914b4d62949d95d87a7e4b14,鹤壁,2022-01-10 07:17:37,2022-01-10 07:17:37
0e0e850539614daa84d3d1fa211e8881,合肥,2021-11-03 07:56:31,2021-11-03 07:56:31
0e0e850539614daa84d3d1fa211e8881,乌鲁木齐,2021-11-03 07:56:31,2021-11-03 07:56:31
0e0e850539614daa84d3d1fa211e8881,襄阳,2021-11-03 07:56:31,2021-11-03 07:56:31
42b70da9117b4f2dbb867067519d8881,枣庄,2021-07-16 07:50:03,2021-07-16 07:50:03
42b70da9117b4f2dbb867067519d8881,石家庄,2021-07-16 07:50:03,2021-07-16 07:50:03
42b70da9117b4f2dbb867067519d8881,本溪,2021-07-16 07:50:03,2021-07-16 07:50:03
c779dbcf7f844d88beb9cac55646db24,朔州,2022-01-20 13:14:47,2022-01-20 13:14:47
c779dbcf7f844d88beb9cac55646db24,新乡,2022-01-20 13:14:47,2022-01-20 13:14:47
c779dbcf7f844d88beb9cac55646db24,抚州,2022-01-20 13:14:47,2022-01-20 13:14:47
5490c556f6ce4e3097157aeb6c99ea33,巴彦淖尔,2021-12-05 09:28:19,2021-12-05 09:28:19
5490c556f6ce4e3097157aeb6c99ea33,朝阳,2021-12-05 09:28:19,2021-12-05 09:28:19
5490c556f6ce4e3097157aeb6c99ea33,惠州,2021-12-05 09:28:19,2021-12-05 09:28:19
d84ec047922140c89087dbcaedf0f577,安阳,2021-09-28 23:36:37,2021-09-28 23:36:37
d84ec047922140c89087dbcaedf0f577,防城港,2021-09-28 23:36:37,2021-09-28 23:36:37
d84ec047922140c89087dbcaedf0f577,湖州,2021-09-28 23:36:37,2021-09-28 23:36:37
33bf735a9fba4b5483a0f132b1876d10,洛阳,2021-09-09 17:44:31,2021-09-09 17:44:31
33bf735a9fba4b5483a0f132b1876d10,梧州,2021-09-09 17:44:31,2021-09-09 17:44:31
33bf735a9fba4b5483a0f132b1876d10,珠海,2021-09-09 17:44:31,2021-09-09 17:44:31
2de95b44b6014fea967dbd8ca3c8abcb,铜陵,2021-12-22 03:15:58,2021-12-22 03:15:58
2de95b44b6014fea967dbd8ca3c8abcb,苏州,2021-12-22 03:15:58,2021-12-22 03:15:58
2de95b44b6014fea967dbd8ca3c8abcb,张掖,2021-12-22 03:15:58,2021-12-22 03:15:58
d54a77d3e46745f3b35716d2f35139fa,永州,2021-11-21 22:59:23,2021-11-21 22:59:23
d54a77d3e46745f3b35716d2f35139fa,白银,2021-11-21 22:59:23,2021-11-21 22:59:23
d54a77d3e46745f3b35716d2f35139fa,百色,2021-11-21 22:59:23,2021-11-21 22:59:23
ad0fc0e12414437eb1e217d70a76d27e,枣庄,2021-10-24 01:33:40,2021-10-24 01:33:40
ad0fc0e12414437eb1e217d70a76d27e,石嘴山,2021-10-24 01:33:40,2021-10-24 01:33:40
ad0fc0e12414437eb1e217d70a76d27e,珠海,2021-10-24 01:33:40,2021-10-24 01:33:40
40a55fb7e9af429bb6404d76f4f331fc,平顶山,2021-08-12 16:46:18,2021-08-12 16:46:18
40a55fb7e9af429bb6404d76f4f331fc,珠海,2021-08-12 16:46:18,2021-08-12 16:46:18
40a55fb7e9af429bb6404d76f4f331fc,乐山,2021-08-12 16:46:18,2021-08-12 16:46:18
afce35005b2444a8a111263b1925df50,淮北,2021-09-21 13:58:59,2021-09-21 13:58:59
afce35005b2444a8a111263b1925df50,滨州,2021-09-21 13:58:59,2021-09-21 13:58:59
afce35005b2444a8a111263b1925df50,包头,2021-09-21 13:58:59,2021-09-21 13:58:59
53b981f830fd48699454c3028dbd4ae8,黄冈,2021-09-02 06:05:01,2021-09-02 06:05:01
53b981f830fd48699454c3028dbd4ae8,大连,2021-09-02 06:05:01,2021-09-02 06:05:01
53b981f830fd48699454c3028dbd4ae8,攀枝花,2021-09-02 06:05:01,2021-09-02 06:05:01
0a9f4c365f664e398973af71227810aa,芜湖,2022-01-09 20:25:00,2022-01-09 20:25:00
0a9f4c365f664e398973af71227810aa,遂宁,2022-01-09 20:25:00,2022-01-09 20:25:00
0a9f4c365f664e398973af71227810aa,济宁,2022-01-09 20:25:00,2022-01-09 20:25:00
6d488186f44c455f80ff1b8c1a3059a4,鹤岗,2021-08-28 18:25:35,2021-08-28 18:25:35
6d488186f44c455f80ff1b8c1a3059a4,定西,2021-08-28 18:25:35,2021-08-28 18:25:35
6d488186f44c455f80ff1b8c1a3059a4,武威,2021-08-28 18:25:35,2021-08-28 18:25:35
5765c9b608784d7d904da55df5da52ae,金昌,2022-01-26 07:44:22,2022-01-26 07:44:22
5765c9b608784d7d904da55df5da52ae,孝感,2022-01-26 07:44:22,2022-01-26 07:44:22
5765c9b608784d7d904da55df5da52ae,梧州,2022-01-26 07:44:22,2022-01-26 07:44:22
a8c20966f830467383755fad58ac4485,乌鲁木齐,2021-08-31 09:42:27,2021-08-31 09:42:27
a8c20966f830467383755fad58ac4485,石家庄,2021-08-31 09:42:27,2021-08-31 09:42:27
a8c20966f830467383755fad58ac4485,保山,2021-08-31 09:42:27,2021-08-31 09:42:27
73a79623ee144ed18da47a0cfc9ecb59,白山,2021-12-05 06:43:40,2021-12-05 06:43:40
73a79623ee144ed18da47a0cfc9ecb59,乌兰察布,2021-12-05 06:43:40,2021-12-05 06:43:40
73a79623ee144ed18da47a0cfc9ecb59,永州,2021-12-05 06:43:40,2021-12-05 06:43:40
d7daf654cb614efca21d846a4e83557c,淮南,2021-11-04 13:21:02,2021-11-04 13:21:02
d7daf654cb614efca21d846a4e83557c,资阳,2021-11-04 13:21:02,2021-11-04 13:21:02
d7daf654cb614efca21d846a4e83557c,衡水,2021-11-04 13:21:02,2021-11-04 13:21:02
1b5eae0fc78046b6921576b1d61dcf4d,韶关,2022-01-11 06:50:32,2022-01-11 06:50:32
1b5eae0fc78046b6921576b1d61dcf4d,防城港,2022-01-11 06:50:32,2022-01-11 06:50:32
1b5eae0fc78046b6921576b1d61dcf4d,宜昌,2022-01-11 06:50:32,2022-01-11 06:50:32
f096524453f24bbdbbd06f00ce0a9420,威海,2021-11-29 17:36:09,2021-11-29 17:36:09
f096524453f24bbdbbd06f00ce0a9420,廊坊,2021-11-29 17:36:09,2021-11-29 17:36:09
f096524453f24bbdbbd06f00ce0a9420,日喀则,2021-11-29 17:36:09,2021-11-29 17:36:09
3442ec04e5774c8ea1ccc939ae0a5f43,雅安,2021-11-26 20:56:39,2021-11-26 20:56:39
3442ec04e5774c8ea1ccc939ae0a5f43,长春,2021-11-26 20:56:39,2021-11-26 20:56:39
3442ec04e5774c8ea1ccc939ae0a5f43,滨州,2021-11-26 20:56:39,2021-11-26 20:56:39
52e94b41caa3474c81f030cf833d5459,六安,2021-09-02 07:42:32,2021-09-02 07:42:32
52e94b41caa3474c81f030cf833d5459,阜新,2021-09-02 07:42:32,2021-09-02 07:42:32
52e94b41caa3474c81f030cf833d5459,焦作,2021-09-02 07:42:32,2021-09-02 07:42:32
c1a3a8e5d4b84fc2a20eaa8cfc02e56e,榆林,2021-07-31 18:19:38,2021-07-31 18:19:38
c1a3a8e5d4b84fc2a20eaa8cfc02e56e,四平,2021-07-31 18:19:38,2021-07-31 18:19:38
c1a3a8e5d4b84fc2a20eaa8cfc02e56e,衡阳,2021-07-31 18:19:38,2021-07-31 18:19:38
4764c6bf902b467cba9163b20f738318,昌都,2022-01-29 19:38:47,2022-01-29 19:38:47
4764c6bf902b467cba9163b20f738318,遵义,2022-01-29 19:38:47,2022-01-29 19:38:47
4764c6bf902b467cba9163b20f738318,鸡西,2022-01-29 19:38:47,2022-01-29 19:38:47
ab56021e12d04570a38b833fa8fd81f5,宣城,2021-10-04 11:03:18,2021-10-04 11:03:18
ab56021e12d04570a38b833fa8fd81f5,淮安,2021-10-04 11:03:18,2021-10-04 11:03:18
ab56021e12d04570a38b833fa8fd81f5,西宁,2021-10-04 11:03:18,2021-10-04 11:03:18
945beb5569094f62a2bfeceaf1aaab93,大同,2021-10-11 03:31:12,2021-10-11 03:31:12
945beb5569094f62a2bfeceaf1aaab93,乌海,2021-10-11 03:31:12,2021-10-11 03:31:12
945beb5569094f62a2bfeceaf1aaab93,铁岭,2021-10-11 03:31:12,2021-10-11 03:31:12
1c995c46d382445cbabec9855f9a5714,七台河,2021-11-17 06:38:50,2021-11-17 06:38:50
1c995c46d382445cbabec9855f9a5714,双鸭山,2021-11-17 06:38:50,2021-11-17 06:38:50
1c995c46d382445cbabec9855f9a5714,来宾,2021-11-17 06:38:50,2021-11-17 06:38:50
6ce8c8142a6347c190b7bcd641c12056,鹰潭,2022-01-22 00:16:32,2022-01-22 00:16:32
6ce8c8142a6347c190b7bcd641c12056,宁德,2022-01-22 00:16:32,2022-01-22 00:16:32
6ce8c8142a6347c190b7bcd641c12056,吴忠,2022-01-22 00:16:32,2022-01-22 00:16:32
09913af6987c4b118179e2d3043a4811,吴忠,2021-08-25 02:25:20,2021-08-25 02:25:20
09913af6987c4b118179e2d3043a4811,吐鲁番,2021-08-25 02:25:20,2021-08-25 02:25:20
09913af6987c4b118179e2d3043a4811,天水,2021-08-25 02:25:20,2021-08-25 02:25:20
7de76a9adff44f3398d05b67a02c8205,聊城,2021-12-18 13:09:03,2021-12-18 13:09:03
7de76a9adff44f3398d05b67a02c8205,保山,2021-12-18 13:09:03,2021-12-18 13:09:03
7de76a9adff44f3398d05b67a02c8205,芜湖,2021-12-18 13:09:03,2021-12-18 13:09:03
e53ae9d062cb4479a5905f5d17dd6b16,宜宾,2022-01-29 19:59:33,2022-01-29 19:59:33
e53ae9d062cb4479a5905f5d17dd6b16,崇左,2022-01-29 19:59:33,2022-01-29 19:59:33
e53ae9d062cb4479a5905f5d17dd6b16,广安,2022-01-29 19:59:33,2022-01-29 19:59:33
6a0d937b67904ce4a89fd17ae0ca5025,茂名,2021-09-19 08:21:03,2021-09-19 08:21:03
6a0d937b67904ce4a89fd17ae0ca5025,漯河,2021-09-19 08:21:03,2021-09-19 08:21:03
6a0d937b67904ce4a89fd17ae0ca5025,三沙,2021-09-19 08:21:03,2021-09-19 08:21:03
5a739439be924825996251baa7533465,黄冈,2021-09-30 02:29:06,2021-09-30 02:29:06
5a739439be924825996251baa7533465,宿州,2021-09-30 02:29:06,2021-09-30 02:29:06
5a739439be924825996251baa7533465,儋州,2021-09-30 02:29:06,2021-09-30 02:29:06
f30d754c25bb4ff59feb8abf715a2a23,吉安,2021-09-05 13:18:13,2021-09-05 13:18:13
f30d754c25bb4ff59feb8abf715a2a23,张掖,2021-09-05 13:18:13,2021-09-05 13:18:13
f30d754c25bb4ff59feb8abf715a2a23,郴州,2021-09-05 13:18:13,2021-09-05 13:18:13
af7fd7728b5f49fcbcf61d81fc2a4e4e,乌鲁木齐,2021-10-17 09:42:45,2021-10-17 09:42:45
af7fd7728b5f49fcbcf61d81fc2a4e4e,黑河,2021-10-17 09:42:45,2021-10-17 09:42:45
af7fd7728b5f49fcbcf61d81fc2a4e4e,来宾,2021-10-17 09:42:45,2021-10-17 09:42:45
1b2a0a31970e492480cdb59b166e4778,张掖,2021-09-22 18:50:22,2021-09-22 18:50:22
1b2a0a31970e492480cdb59b166e4778,鄂州,2021-09-22 18:50:22,2021-09-22 18:50:22
1b2a0a31970e492480cdb59b166e4778,广州,2021-09-22 18:50:22,2021-09-22 18:50:22
af05ba13438c4a068d5248bb6575ab96,成都,2021-08-22 01:09:50,2021-08-22 01:09:50
af05ba13438c4a068d5248bb6575ab96,上饶,2021-08-22 01:09:50,2021-08-22 01:09:50
af05ba13438c4a068d5248bb6575ab96,乌海,2021-08-22 01:09:50,2021-08-22 01:09:50
726a1d48bd514e008936c43eb2400fca,资阳,2021-08-07 18:38:14,2021-08-07 18:38:14
726a1d48bd514e008936c43eb2400fca,台州,2021-08-07 18:38:14,2021-08-07 18:38:14
726a1d48bd514e008936c43eb2400fca,常州,2021-08-07 18:38:14,2021-08-07 18:38:14
f87abc65839d4a4fa2bf5a7ec811f7ff,北京,2022-01-16 17:33:29,2022-01-16 17:33:29
f87abc65839d4a4fa2bf5a7ec811f7ff,黄冈,2022-01-16 17:33:29,2022-01-16 17:33:29
f87abc65839d4a4fa2bf5a7ec811f7ff,日喀则,2022-01-16 17:33:29,2022-01-16 17:33:29
f955bcf898ea4ef39294336f74e50fbe,新乡,2021-12-02 02:29:50,2021-12-02 02:29:50
f955bcf898ea4ef39294336f74e50fbe,沧州,2021-12-02 02:29:50,2021-12-02 02:29:50
f955bcf898ea4ef39294336f74e50fbe,揭阳,2021-12-02 02:29:50,2021-12-02 02:29:50
5f7e99aaff524826ae59ac136500d599,海口,2021-12-17 11:21:45,2021-12-17 11:21:45
5f7e99aaff524826ae59ac136500d599,乌鲁木齐,2021-12-17 11:21:45,2021-12-17 11:21:45
5f7e99aaff524826ae59ac136500d599,郴州,2021-12-17 11:21:45,2021-12-17 11:21:45
f695208f6e244583a929ccb3b2f890bb,商丘,2021-07-18 20:42:52,2021-07-18 20:42:52
f695208f6e244583a929ccb3b2f890bb,朔州,2021-07-18 20:42:52,2021-07-18 20:42:52
f695208f6e244583a929ccb3b2f890bb,无锡,2021-07-18 20:42:52,2021-07-18 20:42:52
a91690ea043c435b822b530971abf8dd,池州,2021-08-15 10:20:24,2021-08-15 10:20:24
a91690ea043c435b822b530971abf8dd,辽阳,2021-08-15 10:20:24,2021-08-15 10:20:24
a91690ea043c435b822b530971abf8dd,西安,2021-08-15 10:20:24,2021-08-15 10:20:24
87b8412c0bf04cc880ed0c0f4df6d608,南京,2021-10-12 06:20:09,2021-10-12 06:20:09
87b8412c0bf04cc880ed0c0f4df6d608,洛阳,2021-10-12 06:20:09,2021-10-12 06:20:09
87b8412c0bf04cc880ed0c0f4df6d608,景德镇,2021-10-12 06:20:09,2021-10-12 06:20:09
8beb0e396c2e4628a6db7035e0e58753,绵阳,2021-08-13 06:07:33,2021-08-13 06:07:33
8beb0e396c2e4628a6db7035e0e58753,通化,2021-08-13 06:07:33,2021-08-13 06:07:33
8beb0e396c2e4628a6db7035e0e58753,六盘水,2021-08-13 06:07:33,2021-08-13 06:07:33
7887e64c58d14c74a17326761f0e04ea,吴忠,2021-08-15 06:38:49,2021-08-15 06:38:49
7887e64c58d14c74a17326761f0e04ea,鹤壁,2021-08-15 06:38:49,2021-08-15 06:38:49
7887e64c58d14c74a17326761f0e04ea,四平,2021-08-15 06:38:49,2021-08-15 06:38:49
0e8fb51c26734c0d8d12dbb8dc13590f,徐州,2021-12-29 05:08:40,2021-12-29 05:08:40
0e8fb51c26734c0d8d12dbb8dc13590f,中山,2021-12-29 05:08:40,2021-12-29 05:08:40
0e8fb51c26734c0d8d12dbb8dc13590f,南充,2021-12-29 05:08:40,2021-12-29 05:08:40
2abfed4866164cfdbe853f06047e9131,宿迁,2021-12-08 13:55:31,2021-12-08 13:55:31
2abfed4866164cfdbe853f06047e9131,南阳,2021-12-08 13:55:31,2021-12-08 13:55:31
2abfed4866164cfdbe853f06047e9131,萍乡,2021-12-08 13:55:31,2021-12-08 13:55:31
747cbf3e87ec4011a09dfe3f0ec4db24,保山,2021-09-22 04:23:28,2021-09-22 04:23:28
747cbf3e87ec4011a09dfe3f0ec4db24,营口,2021-09-22 04:23:28,2021-09-22 04:23:28
747cbf3e87ec4011a09dfe3f0ec4db24,张掖,2021-09-22 04:23:28,2021-09-22 04:23:28
3ad02ef701414716a44f89f5ffee4f84,齐齐哈尔,2021-12-04 11:54:18,2021-12-04 11:54:18
3ad02ef701414716a44f89f5ffee4f84,哈密,2021-12-04 11:54:18,2021-12-04 11:54:18
3ad02ef701414716a44f89f5ffee4f84,南通,2021-12-04 11:54:18,2021-12-04 11:54:18
2ba05e7ac07d41dc97f4001b2fb27c92,平顶山,2021-12-31 22:48:21,2021-12-31 22:48:21
2ba05e7ac07d41dc97f4001b2fb27c92,岳阳,2021-12-31 22:48:21,2021-12-31 22:48:21
2ba05e7ac07d41dc97f4001b2fb27c92,来宾,2021-12-31 22:48:21,2021-12-31 22:48:21
0ef16048416146daa06c57b437119722,吉林,2022-01-02 02:46:44,2022-01-02 02:46:44
0ef16048416146daa06c57b437119722,梅州,2022-01-02 02:46:44,2022-01-02 02:46:44
0ef16048416146daa06c57b437119722,许昌,2022-01-02 02:46:44,2022-01-02 02:46:44
deb87f7f76f04546bc1c3bb443680eb9,北海,2021-09-21 02:47:36,2021-09-21 02:47:36
deb87f7f76f04546bc1c3bb443680eb9,惠州,2021-09-21 02:47:36,2021-09-21 02:47:36
deb87f7f76f04546bc1c3bb443680eb9,随州,2021-09-21 02:47:36,2021-09-21 02:47:36
d25a94be00894be49fb6f7df03942a88,洛阳,2021-11-26 14:01:19,2021-11-26 14:01:19
d25a94be00894be49fb6f7df03942a88,厦门,2021-11-26 14:01:19,2021-11-26 14:01:19
d25a94be00894be49fb6f7df03942a88,大庆,2021-11-26 14:01:19,2021-11-26 14:01:19
5621853e0f964fb0b1aa10e5e87c7d2c,山南,2021-10-26 17:27:40,2021-10-26 17:27:40
5621853e0f964fb0b1aa10e5e87c7d2c,宝鸡,2021-10-26 17:27:40,2021-10-26 17:27:40
5621853e0f964fb0b1aa10e5e87c7d2c,巴中,2021-10-26 17:27:40,2021-10-26 17:27:40
948380c865e545acb47d8ab2e30743db,中山,2021-10-01 01:55:27,2021-10-01 01:55:27
948380c865e545acb47d8ab2e30743db,内江,2021-10-01 01:55:27,2021-10-01 01:55:27
948380c865e545acb47d8ab2e30743db,镇江,2021-10-01 01:55:27,2021-10-01 01:55:27
9680de98decc4e4ab827cfc2135da772,石嘴山,2021-09-13 13:14:06,2021-09-13 13:14:06
9680de98decc4e4ab827cfc2135da772,沈阳,2021-09-13 13:14:06,2021-09-13 13:14:06
9680de98decc4e4ab827cfc2135da772,江门,2021-09-13 13:14:06,2021-09-13 13:14:06
53dd8f9a9a274b6bb16025a6aa11d55a,永州,2021-12-13 11:26:05,2021-12-13 11:26:05
53dd8f9a9a274b6bb16025a6aa11d55a,泉州,2021-12-13 11:26:05,2021-12-13 11:26:05
53dd8f9a9a274b6bb16025a6aa11d55a,丽江,2021-12-13 11:26:05,2021-12-13 11:26:05
e697fc4edc54476f91f3fdcf75e85d87,贵港,2021-12-30 06:55:11,2021-12-30 06:55:11
e697fc4edc54476f91f3fdcf75e85d87,大庆,2021-12-30 06:55:11,2021-12-30 06:55:11
e697fc4edc54476f91f3fdcf75e85d87,银川,2021-12-30 06:55:11,2021-12-30 06:55:11
9f2839ae7778483fbe7686a1b26cb793,烟台,2021-11-01 07:49:19,2021-11-01 07:49:19
9f2839ae7778483fbe7686a1b26cb793,台州,2021-11-01 07:49:19,2021-11-01 07:49:19
9f2839ae7778483fbe7686a1b26cb793,哈密,2021-11-01 07:49:19,2021-11-01 07:49:19
c146c50c63864d1caece15672551ebc6,固原,2021-10-16 20:01:07,2021-10-16 20:01:07
c146c50c63864d1caece15672551ebc6,西宁,2021-10-16 20:01:07,2021-10-16 20:01:07
c146c50c63864d1caece15672551ebc6,南平,2021-10-16 20:01:07,2021-10-16 20:01:07
2645f137b68a48528eacfb4c67376865,吐鲁番,2021-08-28 05:43:15,2021-08-28 05:43:15
2645f137b68a48528eacfb4c67376865,南宁,2021-08-28 05:43:15,2021-08-28 05:43:15
2645f137b68a48528eacfb4c67376865,绵阳,2021-08-28 05:43:15,2021-08-28 05:43:15
acba6f879c0e49b2bafd6d8534b7905b,马鞍山,2021-12-26 22:51:20,2021-12-26 22:51:20
acba6f879c0e49b2bafd6d8534b7905b,巴彦淖尔,2021-12-26 22:51:20,2021-12-26 22:51:20
acba6f879c0e49b2bafd6d8534b7905b,济南,2021-12-26 22:51:20,2021-12-26 22:51:20
24d3a6322b4a4af7a5c3243b6447b9ba,安康,2022-01-30 15:14:54,2022-01-30 15:14:54
24d3a6322b4a4af7a5c3243b6447b9ba,鹰潭,2022-01-30 15:14:54,2022-01-30 15:14:54
24d3a6322b4a4af7a5c3243b6447b9ba,广元,2022-01-30 15:14:54,2022-01-30 15:14:54
18318c278d2e4496b44cf0abebaf0a90,晋城,2021-11-03 12:29:24,2021-11-03 12:29:24
18318c278d2e4496b44cf0abebaf0a90,郴州,2021-11-03 12:29:24,2021-11-03 12:29:24
18318c278d2e4496b44cf0abebaf0a90,唐山,2021-11-03 12:29:24,2021-11-03 12:29:24
64566f9529244a38ad63253fbbb32887,攀枝花,2021-09-23 21:23:31,2021-09-23 21:23:31
64566f9529244a38ad63253fbbb32887,北京,2021-09-23 21:23:31,2021-09-23 21:23:31
64566f9529244a38ad63253fbbb32887,湛江,2021-09-23 21:23:31,2021-09-23 21:23:31
c349051b9663456bb26b2c333fdb64a1,益阳,2022-01-09 10:02:00,2022-01-09 10:02:00
c349051b9663456bb26b2c333fdb64a1,枣庄,2022-01-09 10:02:00,2022-01-09 10:02:00
c349051b9663456bb26b2c333fdb64a1,朔州,2022-01-09 10:02:00,2022-01-09 10:02:00
9ee2b7e26ec940b189257e2a940a7dd5,威海,2021-11-27 11:37:53,2021-11-27 11:37:53
9ee2b7e26ec940b189257e2a940a7dd5,宜昌,2021-11-27 11:37:53,2021-11-27 11:37:53
9ee2b7e26ec940b189257e2a940a7dd5,三门峡,2021-11-27 11:37:53,2021-11-27 11:37:53
4f7ba564a89d4eceac268fc7f6643e81,云浮,2021-10-15 14:57:18,2021-10-15 14:57:18
4f7ba564a89d4eceac268fc7f6643e81,宁德,2021-10-15 14:57:18,2021-10-15 14:57:18
4f7ba564a89d4eceac268fc7f6643e81,十堰,2021-10-15 14:57:18,2021-10-15 14:57:18
07e01cfa38cc4099a54d38c8a004920a,朝阳,2021-12-28 16:28:33,2021-12-28 16:28:33
07e01cfa38cc4099a54d38c8a004920a,泰州,2021-12-28 16:28:33,2021-12-28 16:28:33
07e01cfa38cc4099a54d38c8a004920a,通辽,2021-12-28 16:28:33,2021-12-28 16:28:33
2e6c10c3d7e9451fbcf9fb86a8182d2a,周口,2021-10-25 11:40:20,2021-10-25 11:40:20
2e6c10c3d7e9451fbcf9fb86a8182d2a,邯郸,2021-10-25 11:40:20,2021-10-25 11:40:20
2e6c10c3d7e9451fbcf9fb86a8182d2a,武威,2021-10-25 11:40:20,2021-10-25 11:40:20
f917743327014ae38194593159633ad2,临沧,2022-01-03 13:08:05,2022-01-03 13:08:05
f917743327014ae38194593159633ad2,白银,2022-01-03 13:08:05,2022-01-03 13:08:05
f917743327014ae38194593159633ad2,西安,2022-01-03 13:08:05,2022-01-03 13:08:05
77c17fde1c00444aae484a93141e8e53,丽江,2022-02-03 21:55:33,2022-02-03 21:55:33
77c17fde1c00444aae484a93141e8e53,长治,2022-02-03 21:55:33,2022-02-03 21:55:33
77c17fde1c00444aae484a93141e8e53,朝阳,2022-02-03 21:55:33,2022-02-03 21:55:33
585e2b0888b54bb0ad431a54786ca6fe,六安,2021-08-28 12:32:04,2021-08-28 12:32:04
585e2b0888b54bb0ad431a54786ca6fe,北海,2021-08-28 12:32:04,2021-08-28 12:32:04
585e2b0888b54bb0ad431a54786ca6fe,贵港,2021-08-28 12:32:04,2021-08-28 12:32:04
82b5ca41e9034451b4560779f49576f3,酒泉,2022-01-09 20:56:17,2022-01-09 20:56:17
82b5ca41e9034451b4560779f49576f3,烟台,2022-01-09 20:56:17,2022-01-09 20:56:17
82b5ca41e9034451b4560779f49576f3,西宁,2022-01-09 20:56:17,2022-01-09 20:56:17
bbfb58cf88984c0aa9cebd726ad2a97a,珠海,2021-11-24 14:25:35,2021-11-24 14:25:35
bbfb58cf88984c0aa9cebd726ad2a97a,宜昌,2021-11-24 14:25:35,2021-11-24 14:25:35
bbfb58cf88984c0aa9cebd726ad2a97a,肇庆,2021-11-24 14:25:35,2021-11-24 14:25:35
c904fde33104438aa32598aa307d4794,淮安,2021-08-15 12:15:47,2021-08-15 12:15:47
c904fde33104438aa32598aa307d4794,上饶,2021-08-15 12:15:47,2021-08-15 12:15:47
c904fde33104438aa32598aa307d4794,锦州,2021-08-15 12:15:47,2021-08-15 12:15:47
94e695e6a91f475bbc220aebec8b5c0e,莆田,2021-11-22 18:01:57,2021-11-22 18:01:57
94e695e6a91f475bbc220aebec8b5c0e,长治,2021-11-22 18:01:57,2021-11-22 18:01:57
94e695e6a91f475bbc220aebec8b5c0e,百色,2021-11-22 18:01:57,2021-11-22 18:01:57
8a8155c400ab446c8c7752795cccf09f,南阳,2021-12-01 04:11:11,2021-12-01 04:11:11
8a8155c400ab446c8c7752795cccf09f,潮州,2021-12-01 04:11:11,2021-12-01 04:11:11
8a8155c400ab446c8c7752795cccf09f,西安,2021-12-01 04:11:11,2021-12-01 04:11:11
7530bf6ba59b4c2c9e5b09616100ea5b,揭阳,2021-08-17 07:00:28,2021-08-17 07:00:28
7530bf6ba59b4c2c9e5b09616100ea5b,铁岭,2021-08-17 07:00:28,2021-08-17 07:00:28
7530bf6ba59b4c2c9e5b09616100ea5b,怀化,2021-08-17 07:00:28,2021-08-17 07:00:28
a4c052ea366948a9a0dd4db5ce110cd8,宁波,2021-08-25 12:53:57,2021-08-25 12:53:57
a4c052ea366948a9a0dd4db5ce110cd8,保山,2021-08-25 12:53:57,2021-08-25 12:53:57
a4c052ea366948a9a0dd4db5ce110cd8,漯河,2021-08-25 12:53:57,2021-08-25 12:53:57
a6ad3560ca25426e9a9b07cc285ff81f,益阳,2021-09-25 18:50:07,2021-09-25 18:50:07
a6ad3560ca25426e9a9b07cc285ff81f,许昌,2021-09-25 18:50:07,2021-09-25 18:50:07
a6ad3560ca25426e9a9b07cc285ff81f,河源,2021-09-25 18:50:07,2021-09-25 18:50:07
f51d40ef87614ec0a752c7ebde8c0f0c,乌海,2021-10-19 02:44:30,2021-10-19 02:44:30
f51d40ef87614ec0a752c7ebde8c0f0c,临汾,2021-10-19 02:44:30,2021-10-19 02:44:30
f51d40ef87614ec0a752c7ebde8c0f0c,衢州,2021-10-19 02:44:30,2021-10-19 02:44:30
a973fada7e2d413091059998577a27f3,盘锦,2021-11-26 15:14:20,2021-11-26 15:14:20
a973fada7e2d413091059998577a27f3,廊坊,2021-11-26 15:14:20,2021-11-26 15:14:20
a973fada7e2d413091059998577a27f3,陇南,2021-11-26 15:14:20,2021-11-26 15:14:20
7456d21c36f242579f179d6e5ac10bac,通辽,2022-02-02 18:48:20,2022-02-02 18:48:20
7456d21c36f242579f179d6e5ac10bac,广安,2022-02-02 18:48:20,2022-02-02 18:48:20
7456d21c36f242579f179d6e5ac10bac,枣庄,2022-02-02 18:48:20,2022-02-02 18:48:20
157ae1c30b4a47b3b1fb627b9c4ef459,韶关,2021-07-26 20:21:12,2021-07-26 20:21:12
157ae1c30b4a47b3b1fb627b9c4ef459,宜昌,2021-07-26 20:21:12,2021-07-26 20:21:12
157ae1c30b4a47b3b1fb627b9c4ef459,阳江,2021-07-26 20:21:12,2021-07-26 20:21:12
13d2b954b9e34d37918d56820f176f3f,宝鸡,2021-09-11 03:36:57,2021-09-11 03:36:57
13d2b954b9e34d37918d56820f176f3f,张掖,2021-09-11 03:36:57,2021-09-11 03:36:57
13d2b954b9e34d37918d56820f176f3f,宜宾,2021-09-11 03:36:57,2021-09-11 03:36:57
dbb8fd6d3d77469587d71361d1e75a01,汉中,2021-09-03 05:43:42,2021-09-03 05:43:42
dbb8fd6d3d77469587d71361d1e75a01,梅州,2021-09-03 05:43:42,2021-09-03 05:43:42
dbb8fd6d3d77469587d71361d1e75a01,杭州,2021-09-03 05:43:42,2021-09-03 05:43:42
97f3e10187ca45428997cb4eb5bb6ecd,双鸭山,2021-08-31 01:31:24,2021-08-31 01:31:24
97f3e10187ca45428997cb4eb5bb6ecd,梅州,2021-08-31 01:31:24,2021-08-31 01:31:24
97f3e10187ca45428997cb4eb5bb6ecd,邯郸,2021-08-31 01:31:24,2021-08-31 01:31:24
bc12e424f35b4b489cdca597c7c551bc,毕节,2021-11-18 18:45:19,2021-11-18 18:45:19
bc12e424f35b4b489cdca597c7c551bc,呼和浩特,2021-11-18 18:45:19,2021-11-18 18:45:19
bc12e424f35b4b489cdca597c7c551bc,十堰,2021-11-18 18:45:19,2021-11-18 18:45:19
d42efd464c34475db19919c357ffa626,清远,2022-02-01 05:08:42,2022-02-01 05:08:42
d42efd464c34475db19919c357ffa626,邢台,2022-02-01 05:08:42,2022-02-01 05:08:42
d42efd464c34475db19919c357ffa626,平凉,2022-02-01 05:08:42,2022-02-01 05:08:42
223d349e110d46ab972f7ec0a8c30085,滁州,2021-08-14 22:33:43,2021-08-14 22:33:43
223d349e110d46ab972f7ec0a8c30085,来宾,2021-08-14 22:33:43,2021-08-14 22:33:43
223d349e110d46ab972f7ec0a8c30085,玉溪,2021-08-14 22:33:43,2021-08-14 22:33:43
cf525631f7fe4f1eb6c3dce3a119873b,漯河,2022-01-07 02:11:39,2022-01-07 02:11:39
cf525631f7fe4f1eb6c3dce3a119873b,广州,2022-01-07 02:11:39,2022-01-07 02:11:39
cf525631f7fe4f1eb6c3dce3a119873b,百色,2022-01-07 02:11:39,2022-01-07 02:11:39
0f9909d1c22843ed8f5866651455fc15,安庆,2021-09-13 03:43:30,2021-09-13 03:43:30
0f9909d1c22843ed8f5866651455fc15,延安,2021-09-13 03:43:30,2021-09-13 03:43:30
0f9909d1c22843ed8f5866651455fc15,通化,2021-09-13 03:43:30,2021-09-13 03:43:30
0ee5b781a79d4338b0c1a870de3555b6,兰州,2021-09-26 10:40:30,2021-09-26 10:40:30
0ee5b781a79d4338b0c1a870de3555b6,白山,2021-09-26 10:40:30,2021-09-26 10:40:30
0ee5b781a79d4338b0c1a870de3555b6,邵阳,2021-09-26 10:40:30,2021-09-26 10:40:30
a70de16ee2874fcaa419189e095c3c37,百色,2021-12-12 01:13:11,2021-12-12 01:13:11
a70de16ee2874fcaa419189e095c3c37,兰州,2021-12-12 01:13:11,2021-12-12 01:13:11
a70de16ee2874fcaa419189e095c3c37,荆州,2021-12-12 01:13:11,2021-12-12 01:13:11
d93049b85702447d82f7f39430c5bcd2,厦门,2021-09-27 00:20:21,2021-09-27 00:20:21
d93049b85702447d82f7f39430c5bcd2,攀枝花,2021-09-27 00:20:21,2021-09-27 00:20:21
d93049b85702447d82f7f39430c5bcd2,阳江,2021-09-27 00:20:21,2021-09-27 00:20:21
6632c54e178c42e59df9309af86216fd,本溪,2021-08-05 01:25:04,2021-08-05 01:25:04
6632c54e178c42e59df9309af86216fd,营口,2021-08-05 01:25:04,2021-08-05 01:25:04
6632c54e178c42e59df9309af86216fd,安庆,2021-08-05 01:25:04,2021-08-05 01:25:04
083659b4194540e8a6c9cfe3246b666b,巴中,2022-01-04 15:31:47,2022-01-04 15:31:47
083659b4194540e8a6c9cfe3246b666b,衡阳,2022-01-04 15:31:47,2022-01-04 15:31:47
083659b4194540e8a6c9cfe3246b666b,桂林,2022-01-04 15:31:47,2022-01-04 15:31:47
e614e231ab3144668458fd69ef0f12e3,怀化,2021-09-15 06:21:11,2021-09-15 06:21:11
e614e231ab3144668458fd69ef0f12e3,温州,2021-09-15 06:21:11,2021-09-15 06:21:11
e614e231ab3144668458fd69ef0f12e3,宜春,2021-09-15 06:21:11,2021-09-15 06:21:11
8ca53106691f492dae6dea9e527257c2,邢台,2021-11-14 04:40:09,2021-11-14 04:40:09
8ca53106691f492dae6dea9e527257c2,鹤壁,2021-11-14 04:40:09,2021-11-14 04:40:09
8ca53106691f492dae6dea9e527257c2,呼和浩特,2021-11-14 04:40:09,2021-11-14 04:40:09
e02ec70778094ca395ed6dfd620fcc3b,吴忠,2021-12-10 06:01:57,2021-12-10 06:01:57
e02ec70778094ca395ed6dfd620fcc3b,榆林,2021-12-10 06:01:57,2021-12-10 06:01:57
e02ec70778094ca395ed6dfd620fcc3b,聊城,2021-12-10 06:01:57,2021-12-10 06:01:57
44da47e1b1254823a0b38b707282c532,哈密,2021-10-21 17:52:52,2021-10-21 17:52:52
44da47e1b1254823a0b38b707282c532,梧州,2021-10-21 17:52:52,2021-10-21 17:52:52
44da47e1b1254823a0b38b707282c532,张家口,2021-10-21 17:52:52,2021-10-21 17:52:52
5c95e7dda7ae4c90a84e0246831f1f96,固原,2021-11-09 02:27:30,2021-11-09 02:27:30
5c95e7dda7ae4c90a84e0246831f1f96,防城港,2021-11-09 02:27:30,2021-11-09 02:27:30
5c95e7dda7ae4c90a84e0246831f1f96,怀化,2021-11-09 02:27:30,2021-11-09 02:27:30
75777ede98d0412f812758f836ca7ed6,泰安,2021-09-12 13:59:27,2021-09-12 13:59:27
75777ede98d0412f812758f836ca7ed6,中卫,2021-09-12 13:59:27,2021-09-12 13:59:27
75777ede98d0412f812758f836ca7ed6,泸州,2021-09-12 13:59:27,2021-09-12 13:59:27
33df67902d9442bea37b3743827acdc0,鹤壁,2021-08-13 15:16:34,2021-08-13 15:16:34
33df67902d9442bea37b3743827acdc0,本溪,2021-08-13 15:16:34,2021-08-13 15:16:34
33df67902d9442bea37b3743827acdc0,汕头,2021-08-13 15:16:34,2021-08-13 15:16:34
c509a12564dd4119ba7266f61f3fcf30,黑河,2021-11-09 14:19:03,2021-11-09 14:19:03
c509a12564dd4119ba7266f61f3fcf30,三明,2021-11-09 14:19:03,2021-11-09 14:19:03
c509a12564dd4119ba7266f61f3fcf30,清远,2021-11-09 14:19:03,2021-11-09 14:19:03
d0c54b76d9324b39abbe968caf695183,巴中,2021-08-04 07:18:33,2021-08-04 07:18:33
d0c54b76d9324b39abbe968caf695183,辽源,2021-08-04 07:18:33,2021-08-04 07:18:33
d0c54b76d9324b39abbe968caf695183,济南,2021-08-04 07:18:33,2021-08-04 07:18:33
dbc9249a66164f16878c52526af22e81,常州,2022-01-01 04:04:49,2022-01-01 04:04:49
dbc9249a66164f16878c52526af22e81,湖州,2022-01-01 04:04:49,2022-01-01 04:04:49
dbc9249a66164f16878c52526af22e81,玉溪,2022-01-01 04:04:49,2022-01-01 04:04:49
a466133948ac4e298648aae7435ec2d1,兰州,2021-11-20 14:32:37,2021-11-20 14:32:37
a466133948ac4e298648aae7435ec2d1,宝鸡,2021-11-20 14:32:37,2021-11-20 14:32:37
a466133948ac4e298648aae7435ec2d1,郑州,2021-11-20 14:32:37,2021-11-20 14:32:37
a9da181fc38b41b9adb0c8596bf8252f,南京,2021-11-02 04:55:56,2021-11-02 04:55:56
a9da181fc38b41b9adb0c8596bf8252f,汕尾,2021-11-02 04:55:56,2021-11-02 04:55:56
a9da181fc38b41b9adb0c8596bf8252f,池州,2021-11-02 04:55:56,2021-11-02 04:55:56
f40a444834324d539d3bb2f3b2106e20,吐鲁番,2021-11-17 20:47:08,2021-11-17 20:47:08
f40a444834324d539d3bb2f3b2106e20,滨州,2021-11-17 20:47:08,2021-11-17 20:47:08
f40a444834324d539d3bb2f3b2106e20,梧州,2021-11-17 20:47:08,2021-11-17 20:47:08
d0b397b327744b6c91ff9f621f34a077,沈阳,2022-02-01 08:40:30,2022-02-01 08:40:30
d0b397b327744b6c91ff9f621f34a077,金华,2022-02-01 08:40:30,2022-02-01 08:40:30
d0b397b327744b6c91ff9f621f34a077,江门,2022-02-01 08:40:30,2022-02-01 08:40:30
e09bb505ffa6483980d6e13ddf0b5f1d,中山,2021-10-23 13:56:51,2021-10-23 13:56:51
e09bb505ffa6483980d6e13ddf0b5f1d,淮安,2021-10-23 13:56:51,2021-10-23 13:56:51
e09bb505ffa6483980d6e13ddf0b5f1d,新余,2021-10-23 13:56:51,2021-10-23 13:56:51
a83474789a14442f90c1cb2d72b3eb41,滨州,2021-12-21 11:08:03,2021-12-21 11:08:03
a83474789a14442f90c1cb2d72b3eb41,连云港,2021-12-21 11:08:03,2021-12-21 11:08:03
a83474789a14442f90c1cb2d72b3eb41,郑州,2021-12-21 11:08:03,2021-12-21 11:08:03
c9a9ebed5c0149ca846f7c93f493af53,武汉,2022-01-20 08:01:13,2022-01-20 08:01:13
c9a9ebed5c0149ca846f7c93f493af53,阳江,2022-01-20 08:01:13,2022-01-20 08:01:13
c9a9ebed5c0149ca846f7c93f493af53,四平,2022-01-20 08:01:13,2022-01-20 08:01:13
087212c09ee345b88d01dc882e4b0802,牡丹江,2021-09-02 13:53:18,2021-09-02 13:53:18
087212c09ee345b88d01dc882e4b0802,沧州,2021-09-02 13:53:18,2021-09-02 13:53:18
087212c09ee345b88d01dc882e4b0802,合肥,2021-09-02 13:53:18,2021-09-02 13:53:18
f0fab1663def4f1898fb472b2fc3f6e1,潍坊,2021-12-12 10:10:45,2021-12-12 10:10:45
f0fab1663def4f1898fb472b2fc3f6e1,广州,2021-12-12 10:10:45,2021-12-12 10:10:45
f0fab1663def4f1898fb472b2fc3f6e1,资阳,2021-12-12 10:10:45,2021-12-12 10:10:45
2ae0fce106604641b761febfe6e91848,广安,2022-01-06 22:54:02,2022-01-06 22:54:02
2ae0fce106604641b761febfe6e91848,晋中,2022-01-06 22:54:02,2022-01-06 22:54:02
2ae0fce106604641b761febfe6e91848,丽水,2022-01-06 22:54:02,2022-01-06 22:54:02
fd13240676b64b02aa7de1d073245157,怀化,2021-10-29 15:48:35,2021-10-29 15:48:35
fd13240676b64b02aa7de1d073245157,泰安,2021-10-29 15:48:35,2021-10-29 15:48:35
fd13240676b64b02aa7de1d073245157,宿州,2021-10-29 15:48:35,2021-10-29 15:48:35
19a4914078b5433ead616715c47dfb1d,新余,2021-10-01 00:16:23,2021-10-01 00:16:23
19a4914078b5433ead616715c47dfb1d,三门峡,2021-10-01 00:16:23,2021-10-01 00:16:23
19a4914078b5433ead616715c47dfb1d,龙岩,2021-10-01 00:16:23,2021-10-01 00:16:23
000c8c9b04894f0587b70234f1d94b38,兰州,2021-10-19 13:10:23,2021-10-19 13:10:23
000c8c9b04894f0587b70234f1d94b38,铜陵,2021-10-19 13:10:23,2021-10-19 13:10:23
000c8c9b04894f0587b70234f1d94b38,连云港,2021-10-19 13:10:23,2021-10-19 13:10:23
be67a3d56fb4443e9215d711670d233b,定西,2021-10-27 13:52:01,2021-10-27 13:52:01
be67a3d56fb4443e9215d711670d233b,赤峰,2021-10-27 13:52:01,2021-10-27 13:52:01
be67a3d56fb4443e9215d711670d233b,大庆,2021-10-27 13:52:01,2021-10-27 13:52:01
dfc318a00cd14fbea311fb38998c27f6,潍坊,2021-08-09 15:07:27,2021-08-09 15:07:27
dfc318a00cd14fbea311fb38998c27f6,西宁,2021-08-09 15:07:27,2021-08-09 15:07:27
dfc318a00cd14fbea311fb38998c27f6,玉林,2021-08-09 15:07:27,2021-08-09 15:07:27
bdda67ecd74846bfba238b5ce943839b,聊城,2021-11-19 19:56:32,2021-11-19 19:56:32
bdda67ecd74846bfba238b5ce943839b,通化,2021-11-19 19:56:32,2021-11-19 19:56:32
bdda67ecd74846bfba238b5ce943839b,白山,2021-11-19 19:56:32,2021-11-19 19:56:32
7036123540a94056a3ad5ba2351c3a1a,南充,2021-12-13 13:28:12,2021-12-13 13:28:12
7036123540a94056a3ad5ba2351c3a1a,柳州,2021-12-13 13:28:12,2021-12-13 13:28:12
7036123540a94056a3ad5ba2351c3a1a,晋中,2021-12-13 13:28:12,2021-12-13 13:28:12
87824dd63e8143d4bbcc5fd2d5588aa4,贺州,2021-08-04 10:34:04,2021-08-04 10:34:04
87824dd63e8143d4bbcc5fd2d5588aa4,金华,2021-08-04 10:34:04,2021-08-04 10:34:04
87824dd63e8143d4bbcc5fd2d5588aa4,昌都,2021-08-04 10:34:04,2021-08-04 10:34:04
4f6f7dd4efcb4999ae3775bae8cdea75,拉萨,2021-10-22 13:03:55,2021-10-22 13:03:55
4f6f7dd4efcb4999ae3775bae8cdea75,武威,2021-10-22 13:03:55,2021-10-22 13:03:55
4f6f7dd4efcb4999ae3775bae8cdea75,三沙,2021-10-22 13:03:55,2021-10-22 13:03:55
cbe439ee1233499aa67885bf70af8a30,滁州,2021-08-21 16:54:50,2021-08-21 16:54:50
cbe439ee1233499aa67885bf70af8a30,辽源,2021-08-21 16:54:50,2021-08-21 16:54:50
cbe439ee1233499aa67885bf70af8a30,南阳,2021-08-21 16:54:50,2021-08-21 16:54:50
6863d81b63d6400a908f42a52838017b,梧州,2021-08-27 06:05:55,2021-08-27 06:05:55
6863d81b63d6400a908f42a52838017b,新乡,2021-08-27 06:05:55,2021-08-27 06:05:55
6863d81b63d6400a908f42a52838017b,保定,2021-08-27 06:05:55,2021-08-27 06:05:55
92c35cab95f54076b45dc4a5ca74b0b0,三门峡,2021-09-22 22:17:25,2021-09-22 22:17:25
92c35cab95f54076b45dc4a5ca74b0b0,三亚,2021-09-22 22:17:25,2021-09-22 22:17:25
92c35cab95f54076b45dc4a5ca74b0b0,兰州,2021-09-22 22:17:25,2021-09-22 22:17:25
d38889bb2dc34428a4fd9841f7f97295,荆门,2021-08-25 01:46:14,2021-08-25 01:46:14
d38889bb2dc34428a4fd9841f7f97295,保山,2021-08-25 01:46:14,2021-08-25 01:46:14
d38889bb2dc34428a4fd9841f7f97295,通辽,2021-08-25 01:46:14,2021-08-25 01:46:14
fbbe9b0216454e31b00a5a5a6be33dbf,承德,2021-09-26 21:44:07,2021-09-26 21:44:07
fbbe9b0216454e31b00a5a5a6be33dbf,昆明,2021-09-26 21:44:07,2021-09-26 21:44:07
fbbe9b0216454e31b00a5a5a6be33dbf,娄底,2021-09-26 21:44:07,2021-09-26 21:44:07
f57a9e4c7ca8475bb78fc64451260d80,绵阳,2021-08-27 00:29:27,2021-08-27 00:29:27
f57a9e4c7ca8475bb78fc64451260d80,扬州,2021-08-27 00:29:27,2021-08-27 00:29:27
f57a9e4c7ca8475bb78fc64451260d80,无锡,2021-08-27 00:29:27,2021-08-27 00:29:27
804955b740524e85838a615c17ea7936,泰州,2021-07-31 12:46:46,2021-07-31 12:46:46
804955b740524e85838a615c17ea7936,柳州,2021-07-31 12:46:46,2021-07-31 12:46:46
804955b740524e85838a615c17ea7936,七台河,2021-07-31 12:46:46,2021-07-31 12:46:46
dc95c4e988684a52a734a854a3b10fe7,烟台,2021-11-24 04:23:26,2021-11-24 04:23:26
dc95c4e988684a52a734a854a3b10fe7,宿迁,2021-11-24 04:23:26,2021-11-24 04:23:26
dc95c4e988684a52a734a854a3b10fe7,平顶山,2021-11-24 04:23:26,2021-11-24 04:23:26
3dd3d1bd3f3243faa3b1c3d7d2376b15,宿迁,2022-01-11 21:04:18,2022-01-11 21:04:18
3dd3d1bd3f3243faa3b1c3d7d2376b15,乌兰察布,2022-01-11 21:04:18,2022-01-11 21:04:18
3dd3d1bd3f3243faa3b1c3d7d2376b15,四平,2022-01-11 21:04:18,2022-01-11 21:04:18
f20b128c296d4f76b97f7be595209b3f,安阳,2022-01-30 11:03:13,2022-01-30 11:03:13
f20b128c296d4f76b97f7be595209b3f,鄂尔多斯,2022-01-30 11:03:13,2022-01-30 11:03:13
f20b128c296d4f76b97f7be595209b3f,杭州,2022-01-30 11:03:13,2022-01-30 11:03:13
3da67f44eeba482bb8f0a96aee27f6c5,衢州,2021-10-09 07:41:14,2021-10-09 07:41:14
3da67f44eeba482bb8f0a96aee27f6c5,荆门,2021-10-09 07:41:14,2021-10-09 07:41:14
3da67f44eeba482bb8f0a96aee27f6c5,伊春,2021-10-09 07:41:14,2021-10-09 07:41:14
09d3096cca274a91900d86fa942767b7,武汉,2021-10-15 09:16:54,2021-10-15 09:16:54
09d3096cca274a91900d86fa942767b7,济南,2021-10-15 09:16:54,2021-10-15 09:16:54
09d3096cca274a91900d86fa942767b7,十堰,2021-10-15 09:16:54,2021-10-15 09:16:54
200edf5b451a47c78a07ba99dd4c5931,株洲,2021-12-03 17:40:54,2021-12-03 17:40:54
200edf5b451a47c78a07ba99dd4c5931,淮安,2021-12-03 17:40:54,2021-12-03 17:40:54
200edf5b451a47c78a07ba99dd4c5931,沧州,2021-12-03 17:40:54,2021-12-03 17:40:54
edf03a6df6dd4c96a63a9e05a21a5812,三门峡,2021-11-02 06:03:51,2021-11-02 06:03:51
edf03a6df6dd4c96a63a9e05a21a5812,镇江,2021-11-02 06:03:51,2021-11-02 06:03:51
edf03a6df6dd4c96a63a9e05a21a5812,东营,2021-11-02 06:03:51,2021-11-02 06:03:51
94da4561ed144bec991034a8574de1d9,娄底,2021-09-01 18:53:52,2021-09-01 18:53:52
94da4561ed144bec991034a8574de1d9,拉萨,2021-09-01 18:53:52,2021-09-01 18:53:52
94da4561ed144bec991034a8574de1d9,绍兴,2021-09-01 18:53:52,2021-09-01 18:53:52
a058f476f2a049da8494c515d9034dec,忻州,2022-01-02 04:45:59,2022-01-02 04:45:59
a058f476f2a049da8494c515d9034dec,黄石,2022-01-02 04:45:59,2022-01-02 04:45:59
a058f476f2a049da8494c515d9034dec,福州,2022-01-02 04:45:59,2022-01-02 04:45:59
be1495a4946f4510875e0acbcc48262c,随州,2021-12-14 16:04:22,2021-12-14 16:04:22
be1495a4946f4510875e0acbcc48262c,揭阳,2021-12-14 16:04:22,2021-12-14 16:04:22
be1495a4946f4510875e0acbcc48262c,长沙,2021-12-14 16:04:22,2021-12-14 16:04:22
ba9e5ce03cc24b649f2e856de180d0f0,乐山,2022-01-24 11:34:44,2022-01-24 11:34:44
ba9e5ce03cc24b649f2e856de180d0f0,呼和浩特,2022-01-24 11:34:44,2022-01-24 11:34:44
ba9e5ce03cc24b649f2e856de180d0f0,葫芦岛,2022-01-24 11:34:44,2022-01-24 11:34:44
aff719235eb944bfbb74313a9b139c7d,宿州,2021-07-25 03:49:22,2021-07-25 03:49:22
aff719235eb944bfbb74313a9b139c7d,呼伦贝尔,2021-07-25 03:49:22,2021-07-25 03:49:22
aff719235eb944bfbb74313a9b139c7d,乐山,2021-07-25 03:49:22,2021-07-25 03:49:22
de04bcd7650a465bbf4b2599caabd8ad,六安,2021-12-29 16:18:19,2021-12-29 16:18:19
de04bcd7650a465bbf4b2599caabd8ad,赣州,2021-12-29 16:18:19,2021-12-29 16:18:19
de04bcd7650a465bbf4b2599caabd8ad,巴中,2021-12-29 16:18:19,2021-12-29 16:18:19
1f208550c828477db7048053ad07d74f,景德镇,2022-01-13 23:57:29,2022-01-13 23:57:29
1f208550c828477db7048053ad07d74f,六盘水,2022-01-13 23:57:29,2022-01-13 23:57:29
1f208550c828477db7048053ad07d74f,佳木斯,2022-01-13 23:57:29,2022-01-13 23:57:29
36e9f4ee14164cb38978b07ec17a8e68,江门,2021-10-26 07:43:41,2021-10-26 07:43:41
36e9f4ee14164cb38978b07ec17a8e68,池州,2021-10-26 07:43:41,2021-10-26 07:43:41
36e9f4ee14164cb38978b07ec17a8e68,潮州,2021-10-26 07:43:41,2021-10-26 07:43:41
af7c546a53c54ae2bbfdc4f969980414,开封,2021-08-29 04:34:59,2021-08-29 04:34:59
af7c546a53c54ae2bbfdc4f969980414,亳州,2021-08-29 04:34:59,2021-08-29 04:34:59
af7c546a53c54ae2bbfdc4f969980414,双鸭山,2021-08-29 04:34:59,2021-08-29 04:34:59
5fdd706921424dcbacc0b783a17be315,石家庄,2021-12-18 07:09:15,2021-12-18 07:09:15
5fdd706921424dcbacc0b783a17be315,宜昌,2021-12-18 07:09:15,2021-12-18 07:09:15
5fdd706921424dcbacc0b783a17be315,攀枝花,2021-12-18 07:09:15,2021-12-18 07:09:15
795c7ddf204f42abbd31fdf7ebb0e051,钦州,2021-07-27 05:14:53,2021-07-27 05:14:53
795c7ddf204f42abbd31fdf7ebb0e051,晋中,2021-07-27 05:14:53,2021-07-27 05:14:53
795c7ddf204f42abbd31fdf7ebb0e051,中卫,2021-07-27 05:14:53,2021-07-27 05:14:53
d66cb31f92d048edb57c3001e93480ac,济南,2021-12-24 14:29:24,2021-12-24 14:29:24
d66cb31f92d048edb57c3001e93480ac,抚顺,2021-12-24 14:29:24,2021-12-24 14:29:24
d66cb31f92d048edb57c3001e93480ac,乌兰察布,2021-12-24 14:29:24,2021-12-24 14:29:24
